{"cameraMode":{"drawMode":0,"name":"Shaded","section":"Shading Mode"},"sceneLighting":true,"audioPlay":false,"sceneViewState":{"m_AlwaysRefresh":false,"showFog":true,"showSkybox":true,"showFlares":true,"showImageEffects":true,"showParticleSystems":true,"showVisualEffectGraphs":true,"m_FxEnabled":true},"in2DMode":false,"pivot":{"x":10.725767135620118,"y":-0.8332807421684265,"z":-3.3879964351654054},"rotation":{"x":-0.27101191878318789,"y":-0.11030469834804535,"z":0.03127239644527435,"w":-0.955736517906189},"size":13.483121871948243,"orthographic":false}